Date,SeasonTag,HomeTeam,AwayTeam,Opponent,IsHome,FTHG,FTAG,ChelseaGoals,OppGoals,FTR,Target,Points,FormPoints_5,GoalsFor_5,GoalsAgainst_5,GoalDiff_5,WinRate_5,B365H,B365D,B365A,Odds_Win,Odds_Draw,Odds_Loss,ImpP_Win,ImpP_Draw,ImpP_Loss,Overround,LogOdds_Win,LogOdds_Draw,LogOdds_Loss
2018-09-23,E0,West Ham,Chelsea,West Ham,0,0,0,0,0,D,Draw,1,15.0,14.0,4.0,10.0,1.0,6.0,4.5,1.57,1.57,4.5,6.0,0.6209037599172128,0.21662642290444978,0.16246981717833733,1.0258315640481246,0.45107561936021673,1.5040773967762742,1.791759469228055
2018-09-29,E0,Chelsea,Liverpool,Liverpool,1,1,1,1,1,D,Draw,1,13.0,11.0,4.0,7.0,0.8,2.8,3.6,2.54,2.8,3.6,2.54,0.3472053462940462,0.27004860267314706,0.3827460510328068,1.0286214223222097,1.0296194171811581,1.2809338454620642,0.9321640810304452
2018-10-07,E0,Southampton,Chelsea,Southampton,0,0,3,3,0,A,Win,3,11.0,9.0,3.0,6.0,0.6,6.0,4.1,1.61,1.61,4.1,6.0,0.6020410660532047,0.23641124788918533,0.16154768605760994,1.031687118113417,0.4762341789963717,1.410986973710262,1.791759469228055
2018-10-20,E0,Chelsea,Man United,Man United,1,2,2,2,2,D,Draw,1,11.0,10.0,2.0,8.0,0.6,1.75,3.8,5.25,1.75,3.8,5.25,0.5574572127139364,0.2567237163814181,0.1858190709046455,1.025062656641604,0.5596157879354227,1.33500106673234,1.6582280766035324
2018-10-28,E0,Burnley,Chelsea,Burnley,0,0,4,4,0,A,Win,3,9.0,10.0,4.0,6.0,0.4,11.0,5.0,1.36,1.36,5.0,11.0,0.7165190203230849,0.19489317352787913,0.08858780614903597,1.0262032085561497,0.3074846997479607,1.6094379124341003,2.3978952727983707
2018-11-04,E0,Chelsea,Crystal Palace,Crystal Palace,1,3,1,3,1,H,Win,3,9.0,10.0,3.0,7.0,0.4,1.25,6.75,13.0,1.25,6.75,13.0,0.7804335742078933,0.14452473596442467,0.07504168982768206,1.025071225071225,0.22314355131420976,1.9095425048844386,2.5649493574615367
2018-11-11,E0,Chelsea,Everton,Everton,1,0,0,0,0,D,Draw,1,11.0,13.0,4.0,9.0,0.6,1.4,5.25,8.5,1.4,5.25,8.5,0.6986301369863014,0.1863013698630137,0.11506849315068494,1.022408963585434,0.3364722366212129,1.6582280766035324,2.1400661634962708
2018-11-24,E0,Tottenham,Chelsea,Tottenham,0,3,1,1,3,H,Loss,0,11.0,12.0,3.0,9.0,0.6,2.8,3.5,2.6,2.6,3.5,2.8,0.37433155080213903,0.27807486631016043,0.3475935828877006,1.0274725274725274,0.9555114450274363,1.252762968495368,1.0296194171811581
2018-12-02,E0,Chelsea,Fulham,Fulham,1,2,0,2,0,H,Win,3,8.0,10.0,6.0,4.0,0.4,1.18,8.0,17.0,1.18,8.0,17.0,0.8217522658610272,0.12120845921450152,0.0570392749244713,1.0312811565304087,0.16551443847757333,2.0794415416798357,2.833213344056216
2018-12-05,E0,Wolves,Chelsea,Wolves,0,2,1,1,2,H,Loss,0,10.0,10.0,4.0,6.0,0.6,5.0,3.75,1.8,1.8,3.75,5.0,0.5434782608695653,0.2608695652173913,0.19565217391304351,1.0222222222222221,0.5877866649021191,1.3217558399823195,1.6094379124341003
2018-12-08,E0,Chelsea,Man City,Man City,1,2,0,2,0,H,Win,3,7.0,7.0,6.0,1.0,0.4,4.0,3.8,1.95,4.0,3.8,1.95,0.24366984544557713,0.25649457415323906,0.4998355804011839,1.0259784075573548,1.3862943611198906,1.33500106673234,0.6678293725756554
2018-12-16,E0,Brighton,Chelsea,Brighton,0,1,2,2,1,A,Win,3,7.0,6.0,5.0,1.0,0.4,7.5,4.5,1.5,1.5,4.5,7.5,0.6521739130434783,0.21739130434782608,0.13043478260869565,1.0222222222222221,0.4054651081081644,1.5040773967762742,2.0149030205422647
2018-12-22,E0,Chelsea,Leicester,Leicester,1,0,1,0,1,A,Loss,0,9.0,8.0,6.0,2.0,0.6,1.33,5.5,11.0,1.33,5.5,11.0,0.733822548365577,0.17745163442294865,0.08872581721147432,1.024606971975393,0.28517894223366247,1.7047480922384253,2.3978952727983707
2018-12-26,E0,Watford,Chelsea,Watford,0,1,2,2,1,A,Win,3,9.0,7.0,4.0,3.0,0.6,5.25,3.8,1.75,1.75,3.8,5.25,0.5574572127139364,0.2567237163814181,0.1858190709046455,1.025062656641604,0.5596157879354227,1.33500106673234,1.6582280766035324
2018-12-30,E0,Crystal Palace,Chelsea,Crystal Palace,0,0,1,1,0,A,Win,3,9.0,7.0,5.0,2.0,0.6,4.75,4.0,1.66,1.66,4.0,4.75,0.5667412378821775,0.23519761372110362,0.19806114839671882,1.0629359543436907,0.5068176023684519,1.3862943611198906,1.55814461804655
2019-01-02,E0,Chelsea,Southampton,Southampton,1,0,0,0,0,D,Draw,1,12.0,7.0,3.0,4.0,0.8,1.28,6.5,11.0,1.28,6.5,11.0,0.7614483493077742,0.14994675186368478,0.088604898828541,1.0260052447552448,0.2468600779315258,1.8718021769015913,2.3978952727983707
2019-01-12,E0,Chelsea,Newcastle,Newcastle,1,2,1,2,1,H,Win,3,10.0,5.0,3.0,2.0,0.6,1.22,7.0,15.0,1.22,7.0,15.0,0.7964199029126214,0.13880461165048544,0.06477548543689321,1.0291959406713505,0.19885085874516517,1.9459101490553132,2.70805020110221
2019-01-19,E0,Arsenal,Chelsea,Arsenal,0,2,0,0,2,H,Loss,0,10.0,5.0,3.0,2.0,0.6,3.1,3.6,2.37,2.37,3.6,3.1,0.4127371574392544,0.2717186286475092,0.31554421391323645,1.0222993512091103,0.8628899551470398,1.2809338454620642,1.1314021114911006
2019-01-30,E0,Bournemouth,Chelsea,Bournemouth,0,4,0,0,4,H,Loss,0,10.0,5.0,4.0,1.0,0.6,5.25,4.2,1.66,1.66,4.2,5.25,0.5843071786310519,0.23094045631608234,0.18475236505286588,1.0309810671256454,0.5068176023684519,1.4350845252893227,1.6582280766035324
2019-02-02,E0,Chelsea,Huddersfield,Huddersfield,1,5,0,5,0,H,Win,3,7.0,3.0,7.0,-4.0,0.4,1.2,7.5,19.0,1.2,7.5,19.0,0.8175559380378657,0.1308089500860585,0.05163511187607572,1.0192982456140351,0.1823215567939546,2.0149030205422647,2.9444389791664403
2019-02-10,E0,Man City,Chelsea,Man City,0,6,0,0,6,H,Loss,0,7.0,7.0,7.0,0.0,0.4,1.5,4.75,7.0,7.0,4.75,1.5,0.14004914004914004,0.20638820638820637,0.6535626535626535,1.0200501253132832,1.9459101490553132,1.55814461804655,0.4054651081081644
2019-02-27,E0,Chelsea,Tottenham,Tottenham,1,2,0,2,0,H,Win,3,6.0,7.0,13.0,-6.0,0.4,2.3,3.5,3.25,2.3,3.5,3.25,0.4228624535315985,0.2778810408921933,0.2992565055762082,1.0281892021022456,0.8329091229351039,1.252762968495368,1.1786549963416462
2019-03-03,E0,Fulham,Chelsea,Fulham,0,1,2,2,1,A,Win,3,6.0,7.0,12.0,-5.0,0.4,6.5,4.5,1.53,1.53,4.5,6.5,0.6347656250000001,0.2158203125,0.14941406250000003,1.029663147310206,0.4252677354043441,1.5040773967762742,1.8718021769015913
2019-03-10,E0,Chelsea,Wolves,Wolves,1,1,1,1,1,D,Draw,1,9.0,9.0,11.0,-2.0,0.6,1.55,4.2,7.0,1.55,4.2,7.0,0.62874251497006,0.2320359281437126,0.13922155688622756,1.0261136712749614,0.4382549309311553,1.4350845252893227,1.9459101490553132
2019-03-17,E0,Everton,Chelsea,Everton,0,2,0,0,2,H,Loss,0,10.0,10.0,8.0,2.0,0.6,4.0,3.8,1.95,1.95,3.8,4.0,0.4998355804011838,0.256494574153239,0.2436698454455771,1.025978407557355,0.6678293725756554,1.33500106673234,1.3862943611198906
2019-03-31,E0,Cardiff,Chelsea,Cardiff,0,1,2,2,1,A,Win,3,7.0,5.0,10.0,-5.0,0.4,9.0,4.5,1.44,1.44,4.5,9.0,0.6756756756756758,0.21621621621621623,0.10810810810810811,1.0277777777777777,0.36464311358790924,1.5040773967762742,2.1972245773362196
2019-04-03,E0,Chelsea,Brighton,Brighton,1,3,0,3,0,H,Win,3,10.0,7.0,5.0,2.0,0.6,1.25,6.5,15.0,1.25,6.5,15.0,0.7839195979899497,0.1507537688442211,0.06532663316582914,1.0205128205128207,0.22314355131420976,1.8718021769015913,2.70805020110221
2019-04-08,E0,Chelsea,West Ham,West Ham,1,2,0,2,0,H,Win,3,10.0,8.0,5.0,3.0,0.6,1.33,5.75,9.5,1.33,5.75,9.5,0.7292327203551047,0.16867469879518074,0.10209258084971465,1.031055900621118,0.28517894223366247,1.749199854809259,2.2512917986064953
2019-04-14,E0,Liverpool,Chelsea,Liverpool,0,2,0,0,2,H,Loss,0,10.0,8.0,4.0,4.0,0.6,1.66,4.2,5.25,5.25,4.2,1.66,0.18475236505286588,0.23094045631608234,0.5843071786310519,1.0309810671256454,1.6582280766035324,1.4350845252893227,0.5068176023684519
2019-04-22,E0,Chelsea,Burnley,Burnley,1,2,2,2,2,D,Draw,1,9.0,7.0,5.0,2.0,0.6,1.25,6.25,15.0,1.25,6.25,15.0,0.7792207792207791,0.1558441558441558,0.06493506493506493,1.0266666666666668,0.22314355131420976,1.8325814637483102,2.70805020110221
2019-04-28,E0,Man United,Chelsea,Man United,0,1,1,1,1,D,Draw,1,10.0,9.0,5.0,4.0,0.6,2.7,3.5,2.7,2.7,3.5,2.7,0.3608247422680412,0.2783505154639175,0.3608247422680412,1.0264550264550265,0.9932517730102834,1.252762968495368,0.9932517730102834
2019-05-05,E0,Chelsea,Watford,Watford,1,3,0,3,0,H,Win,3,8.0,8.0,5.0,3.0,0.4,1.4,5.25,8.0,1.4,5.25,8.0,0.6936416184971099,0.18497109826589597,0.12138728323699423,1.0297619047619047,0.3364722366212129,1.6582280766035324,2.0794415416798357
2019-05-12,E0,Leicester,Chelsea,Leicester,0,0,0,0,0,D,Draw,1,8.0,8.0,5.0,3.0,0.4,2.4,3.75,2.9,2.9,3.75,2.4,0.3353828954723309,0.25936277249860257,0.4052543320290665,1.02816091954023,1.0647107369924282,1.3217558399823195,0.8754687373538999
2019-08-11,E0 (1),Man United,Chelsea,Man United,0,4,0,0,4,H,Loss,0,6.0,6.0,5.0,1.0,0.2,2.1,3.3,3.5,3.5,3.3,2.1,0.26829268292682923,0.2845528455284553,0.4471544715447154,1.064935064935065,1.252762968495368,1.1939224684724346,0.7419373447293773
2019-08-18,E0 (1),Chelsea,Leicester,Leicester,1,1,1,1,1,D,Draw,1,6.0,6.0,7.0,-1.0,0.2,1.7,3.75,5.0,1.7,3.75,5.0,0.5576208178438662,0.2527881040892193,0.1895910780669145,1.0549019607843138,0.5306282510621704,1.3217558399823195,1.6094379124341003
2019-08-24,E0 (1),Norwich,Chelsea,Norwich,0,2,3,3,2,A,Win,3,6.0,5.0,6.0,-1.0,0.2,4.33,3.75,1.8,1.8,3.75,4.33,0.5275084060230983,0.25320403489108717,0.21928755908581452,1.0531691044393123,0.5877866649021191,1.3217558399823195,1.4655675420143985
2019-08-31,E0 (1),Chelsea,Sheffield United,Sheffield United,1,2,2,2,2,D,Draw,1,8.0,7.0,7.0,0.0,0.4,1.36,4.75,9.0,1.36,4.75,9.0,0.6956875508543532,0.19918633034987795,0.10512611879576893,1.0569315445476435,0.3074846997479607,1.55814461804655,2.1972245773362196
2019-09-14,E0 (1),Wolves,Chelsea,Wolves,0,2,5,5,2,A,Win,3,6.0,6.0,9.0,-3.0,0.2,2.9,3.3,2.5,2.5,3.3,2.9,0.38173115277223774,0.2891902672516952,0.329078579976067,1.0478578892371997,0.9162907318741551,1.1939224684724346,1.0647107369924282
2019-09-22,E0 (1),Chelsea,Liverpool,Liverpool,1,1,2,1,2,A,Loss,0,8.0,11.0,11.0,0.0,0.4,3.5,3.75,2.0,3.5,3.75,2.0,0.27149321266968324,0.25339366515837103,0.4751131221719457,1.0523809523809524,1.252762968495368,1.3217558399823195,0.6931471805599453
2019-09-28,E0 (1),Chelsea,Brighton,Brighton,1,2,0,2,0,H,Win,3,8.0,12.0,9.0,3.0,0.4,1.4,4.75,8.0,1.4,4.75,8.0,0.6803939122649956,0.20053715308863027,0.11906893464637423,1.0498120300751879,0.3364722366212129,1.55814461804655,2.0794415416798357
2019-10-06,E0 (1),Southampton,Chelsea,Southampton,0,1,4,4,1,A,Win,3,10.0,13.0,8.0,5.0,0.6,4.0,3.8,1.85,1.85,3.8,4.0,0.5129935875801552,0.24974687816402294,0.2372595342558218,1.0536984352773826,0.6151856390902335,1.33500106673234,1.3862943611198906
2019-10-19,E0 (1),Chelsea,Newcastle,Newcastle,1,1,0,1,0,H,Win,3,10.0,14.0,7.0,7.0,0.6,1.3,5.5,10.0,1.3,5.5,10.0,0.7318695941450432,0.17298735861610112,0.09514304723885562,1.0510489510489511,0.26236426446749106,1.7047480922384253,2.302585092994046
2019-10-26,E0 (1),Burnley,Chelsea,Burnley,0,2,4,4,2,A,Win,3,12.0,13.0,5.0,8.0,0.8,4.5,4.0,1.72,1.72,4.0,4.5,0.5518087063151441,0.23727774371551194,0.21091354996934394,1.0536175710594315,0.5423242908253617,1.3862943611198906,1.5040773967762742
2019-11-02,E0 (1),Watford,Chelsea,Watford,0,1,2,2,1,A,Win,3,12.0,12.0,5.0,7.0,0.8,5.0,4.33,1.61,1.61,4.33,5.0,0.5903799428981247,0.21951771548867918,0.1901023416131962,1.0520648946394502,0.4762341789963717,1.4655675420143985,1.6094379124341003
2019-11-09,E0 (1),Chelsea,Crystal Palace,Crystal Palace,1,2,0,2,0,H,Win,3,15.0,13.0,4.0,9.0,1.0,1.33,5.0,10.0,1.33,5.0,10.0,0.7147962830593281,0.1901358112937813,0.09506790564689065,1.0518796992481203,0.28517894223366247,1.6094379124341003,2.302585092994046
2019-11-23,E0 (1),Man City,Chelsea,Man City,0,2,1,1,2,H,Loss,0,15.0,13.0,4.0,9.0,1.0,1.44,5.0,6.5,6.5,5.0,1.44,0.14675907052588666,0.19078679168365267,0.6624541377904606,1.0482905982905983,1.8718021769015913,1.6094379124341003,0.36464311358790924
2019-11-30,E0 (1),Chelsea,West Ham,West Ham,1,0,1,0,1,A,Loss,0,12.0,10.0,5.0,5.0,0.8,1.28,6.0,9.0,1.28,6.0,9.0,0.7377049180327869,0.15737704918032788,0.10491803278688525,1.0590277777777777,0.2468600779315258,1.791759469228055,2.1972245773362196
2019-12-04,E0 (1),Chelsea,Aston Villa,Aston Villa,1,2,1,2,1,H,Win,3,9.0,9.0,6.0,3.0,0.6,1.28,5.75,10.0,1.28,5.75,10.0,0.7404069018799897,0.16482101467937163,0.09477208344063869,1.0551630434782608,0.2468600779315258,1.749199854809259,2.302585092994046
2019-12-07,E0 (1),Everton,Chelsea,Everton,0,3,1,1,3,H,Loss,0,9.0,7.0,5.0,2.0,0.6,3.5,3.75,2.0,2.0,3.75,3.5,0.4751131221719458,0.2533936651583711,0.2714932126696833,1.0523809523809522,0.6931471805599453,1.3217558399823195,1.252762968495368
2019-12-14,E0 (1),Chelsea,Bournemouth,Bournemouth,1,0,1,0,1,A,Loss,0,6.0,6.0,7.0,-1.0,0.4,1.25,6.0,12.0,1.25,6.0,12.0,0.7619047619047619,0.15873015873015872,0.07936507936507936,1.05,0.22314355131420976,1.791759469228055,2.4849066497880004
2019-12-22,E0 (1),Tottenham,Chelsea,Tottenham,0,0,2,2,0,A,Win,3,3.0,4.0,8.0,-4.0,0.2,2.37,3.75,2.75,2.75,3.75,2.37,0.3455818022747157,0.25342665500145817,0.40099154272382614,1.0522439585730725,1.0116009116784799,1.3217558399823195,0.8628899551470398
2019-12-26,E0 (1),Chelsea,Southampton,Southampton,1,0,2,0,2,A,Loss,0,6.0,5.0,6.0,-1.0,0.4,1.33,5.25,9.0,1.33,5.25,9.0,0.7137192704203014,0.18080888183980967,0.10547184773988898,1.0534670008354219,0.28517894223366247,1.6582280766035324,2.1972245773362196
2019-12-29,E0 (1),Arsenal,Chelsea,Arsenal,0,1,2,2,1,A,Win,3,6.0,5.0,7.0,-2.0,0.4,2.87,3.75,2.3,2.3,3.75,2.87,0.41412547857706294,0.2539969601939319,0.3318775612290051,1.0498813311114479,0.8329091229351039,1.3217558399823195,1.0543120297715298
2020-01-01,E0 (1),Brighton,Chelsea,Brighton,0,1,1,1,1,D,Draw,1,6.0,5.0,7.0,-2.0,0.4,3.6,3.6,1.95,1.95,3.6,3.6,0.48,0.25999999999999995,0.25999999999999995,1.0683760683760686,0.6678293725756554,1.2809338454620642,1.2809338454620642
2020-01-11,E0 (1),Chelsea,Burnley,Burnley,1,3,0,3,0,H,Win,3,7.0,5.0,5.0,0.0,0.4,1.28,5.5,11.0,1.28,5.5,11.0,0.7412398921832885,0.1725067385444744,0.0862533692722372,1.0539772727272727,0.2468600779315258,1.7047480922384253,2.3978952727983707
2020-01-18,E0 (1),Newcastle,Chelsea,Newcastle,0,1,0,0,1,H,Loss,0,10.0,8.0,4.0,4.0,0.6,6.0,4.5,1.5,1.5,4.5,6.0,0.631578947368421,0.21052631578947367,0.15789473684210525,1.0555555555555556,0.4054651081081644,1.5040773967762742,1.791759469228055
2020-01-21,E0 (1),Chelsea,Arsenal,Arsenal,1,2,2,2,2,D,Draw,1,7.0,6.0,5.0,1.0,0.4,1.72,3.9,4.5,1.72,3.9,4.5,0.5484717794862178,0.24189011813238326,0.2096381023813988,1.0600278274696882,0.5423242908253617,1.3609765531356006,1.5040773967762742
2020-02-01,E0 (1),Leicester,Chelsea,Leicester,0,2,2,2,2,D,Draw,1,8.0,8.0,5.0,3.0,0.4,2.5,3.6,2.7,2.7,3.6,2.5,0.3533568904593639,0.26501766784452296,0.38162544169611307,1.0481481481481483,0.9932517730102834,1.2809338454620642,0.9162907318741551
2020-02-17,E0 (1),Chelsea,Man United,Man United,1,0,2,0,2,A,Loss,0,6.0,8.0,6.0,2.0,0.2,1.85,3.5,4.5,1.85,3.5,4.5,0.5155482815057284,0.27250409165302786,0.2119476268412439,1.0484770484770483,0.6151856390902335,1.252762968495368,1.5040773967762742
2020-02-22,E0 (1),Chelsea,Tottenham,Tottenham,1,2,1,2,1,H,Win,3,5.0,7.0,7.0,0.0,0.2,1.72,4.0,4.5,1.72,4.0,4.5,0.5518087063151441,0.23727774371551194,0.21091354996934394,1.0536175710594315,0.5423242908253617,1.3862943611198906,1.5040773967762742
2020-02-29,E0 (1),Bournemouth,Chelsea,Bournemouth,0,2,2,2,2,D,Draw,1,5.0,6.0,8.0,-2.0,0.2,4.75,3.8,1.72,1.72,3.8,4.75,0.5510440835266821,0.24941995359628769,0.19953596287703013,1.0550795593635252,0.5423242908253617,1.33500106673234,1.55814461804655
2020-03-08,E0 (1),Chelsea,Everton,Everton,1,4,0,4,0,H,Win,3,6.0,8.0,9.0,-1.0,0.2,1.8,3.9,4.2,1.8,3.9,4.2,0.5290697674418605,0.24418604651162792,0.22674418604651161,1.05006105006105,0.5877866649021191,1.3609765531356006,1.4350845252893227
2020-06-21,E0 (1),Aston Villa,Chelsea,Aston Villa,0,1,2,2,1,A,Win,3,8.0,10.0,7.0,3.0,0.4,6.0,4.5,1.5,1.5,4.5,6.0,0.631578947368421,0.21052631578947367,0.15789473684210525,1.0555555555555556,0.4054651081081644,1.5040773967762742,1.791759469228055
2020-06-25,E0 (1),Chelsea,Man City,Man City,1,2,1,2,1,H,Win,3,10.0,10.0,6.0,4.0,0.6,4.0,4.0,1.8,4.0,4.0,1.8,0.23684210526315788,0.23684210526315788,0.5263157894736842,1.0555555555555556,1.3862943611198906,1.3862943611198906,0.5877866649021191
2020-07-01,E0 (1),West Ham,Chelsea,West Ham,0,3,2,2,3,H,Loss,0,13.0,12.0,5.0,7.0,0.8,5.5,4.33,1.57,1.57,4.33,5.5,0.6067809651932196,0.2200106501970796,0.17320838460970087,1.0497077391945075,0.45107561936021673,1.4655675420143985,1.7047480922384253
2020-07-04,E0 (1),Chelsea,Watford,Watford,1,3,0,3,0,H,Win,3,10.0,12.0,7.0,5.0,0.6,1.4,4.75,8.0,1.4,4.75,8.0,0.6803939122649956,0.20053715308863027,0.11906893464637423,1.0498120300751879,0.3364722366212129,1.55814461804655,2.0794415416798357
2020-07-07,E0 (1),Crystal Palace,Chelsea,Crystal Palace,0,2,3,3,2,A,Win,3,12.0,13.0,5.0,8.0,0.8,8.5,4.5,1.4,1.4,4.5,8.5,0.6775907883082374,0.21080602302922938,0.11160318866253321,1.054154995331466,0.3364722366212129,1.5040773967762742,2.1400661634962708
2020-07-11,E0 (1),Sheffield United,Chelsea,Sheffield United,0,3,0,0,3,H,Loss,0,12.0,12.0,7.0,5.0,0.8,6.0,3.8,1.6,1.6,3.8,6.0,0.5925155925155925,0.24948024948024947,0.15800415800415799,1.0548245614035088,0.47000362924573563,1.33500106673234,1.791759469228055
2020-07-14,E0 (1),Chelsea,Norwich,Norwich,1,1,0,1,0,H,Win,3,9.0,10.0,9.0,1.0,0.6,1.12,9.5,17.0,1.12,9.5,17.0,0.8447536353175019,0.09959200753216865,0.05565435715032954,1.0569438301636442,0.11332868530700327,2.2512917986064953,2.833213344056216
2020-07-22,E0 (1),Liverpool,Chelsea,Liverpool,0,5,3,3,5,H,Loss,0,9.0,9.0,8.0,1.0,0.6,2.0,3.75,3.5,3.5,3.75,2.0,0.27149321266968324,0.25339366515837103,0.4751131221719457,1.0523809523809524,1.252762968495368,1.3217558399823195,0.6931471805599453
2020-07-26,E0 (1),Chelsea,Wolves,Wolves,1,2,0,2,0,H,Win,3,9.0,10.0,10.0,0.0,0.6,1.85,3.8,4.0,1.85,3.8,4.0,0.5129935875801552,0.24974687816402294,0.2372595342558218,1.0536984352773826,0.6151856390902335,1.33500106673234,1.3862943611198906
2020-09-14,E0 (2),Brighton,Chelsea,Brighton,0,1,3,3,1,A,Win,3,9.0,9.0,10.0,-1.0,0.6,5.0,4.33,1.61,1.61,4.33,5.0,0.5903799428981247,0.21951771548867918,0.1901023416131962,1.0520648946394502,0.4762341789963717,1.4655675420143985,1.6094379124341003
2020-09-20,E0 (2),Chelsea,Liverpool,Liverpool,1,0,2,0,2,A,Loss,0,9.0,9.0,9.0,0.0,0.6,3.1,3.6,2.2,3.1,3.6,2.2,0.30579150579150577,0.2633204633204633,0.43088803088803085,1.0549038774845227,1.1314021114911006,1.2809338454620642,0.7884573603642703
2020-09-26,E0 (2),West Brom,Chelsea,West Brom,0,3,3,3,3,D,Draw,1,9.0,9.0,8.0,1.0,0.6,9.0,4.75,1.36,1.36,4.75,9.0,0.6956875508543532,0.19918633034987795,0.10512611879576893,1.0569315445476435,0.3074846997479607,1.55814461804655,2.1972245773362196
2020-10-03,E0 (2),Chelsea,Crystal Palace,Crystal Palace,1,4,0,4,0,H,Win,3,7.0,11.0,11.0,0.0,0.4,1.4,4.75,8.0,1.4,4.75,8.0,0.6803939122649956,0.20053715308863027,0.11906893464637423,1.0498120300751879,0.3364722366212129,1.55814461804655,2.0794415416798357
2020-10-17,E0 (2),Chelsea,Southampton,Southampton,1,3,3,3,3,D,Draw,1,10.0,12.0,6.0,6.0,0.6,1.45,4.75,6.5,1.45,4.75,6.5,0.6543046357615894,0.1997350993377483,0.14596026490066225,1.0540276420494208,0.371563556432483,1.55814461804655,1.8718021769015913
2020-10-24,E0 (2),Man United,Chelsea,Man United,0,0,0,0,0,D,Draw,1,8.0,13.0,9.0,4.0,0.4,2.37,3.6,2.8,2.8,3.6,2.37,0.33792775665399244,0.2628326996197719,0.3992395437262357,1.056861563190677,1.0296194171811581,1.2809338454620642,0.8628899551470398
2020-10-31,E0 (2),Burnley,Chelsea,Burnley,0,0,3,3,0,A,Win,3,6.0,10.0,8.0,2.0,0.2,6.0,4.5,1.5,1.5,4.5,6.0,0.631578947368421,0.21052631578947367,0.15789473684210525,1.0555555555555556,0.4054651081081644,1.5040773967762742,1.791759469228055
2020-11-07,E0 (2),Chelsea,Sheffield United,Sheffield United,1,4,1,4,1,H,Win,3,9.0,13.0,6.0,7.0,0.4,1.36,5.0,8.5,1.36,5.0,8.5,0.6983240223463686,0.18994413407821228,0.11173184357541899,1.0529411764705883,0.3074846997479607,1.6094379124341003,2.1400661634962708
2020-11-21,E0 (2),Newcastle,Chelsea,Newcastle,0,0,2,2,0,A,Win,3,11.0,14.0,4.0,10.0,0.6,6.5,4.75,1.45,1.45,4.75,6.5,0.6543046357615894,0.1997350993377483,0.14596026490066225,1.0540276420494208,0.371563556432483,1.55814461804655,1.8718021769015913
2020-11-29,E0 (2),Chelsea,Tottenham,Tottenham,1,0,0,0,0,D,Draw,1,11.0,12.0,4.0,8.0,0.6,2.05,3.5,3.6,2.05,3.5,3.6,0.46400294605045106,0.27177315411526415,0.2642238998342846,1.0512969415408442,0.7178397931503168,1.252762968495368,1.2809338454620642
2020-12-05,E0 (2),Chelsea,Leeds,Leeds,1,3,1,3,1,H,Win,3,11.0,9.0,1.0,8.0,0.6,1.5,4.5,6.0,1.5,4.5,6.0,0.631578947368421,0.21052631578947367,0.15789473684210525,1.0555555555555556,0.4054651081081644,1.5040773967762742,1.791759469228055
2020-12-12,E0 (2),Everton,Chelsea,Everton,0,1,0,0,1,H,Loss,0,13.0,12.0,2.0,10.0,0.8,4.33,4.2,1.7,1.7,4.2,4.33,0.556367975035947,0.22519656132407379,0.21843546363997918,1.0572774144299752,0.5306282510621704,1.4350845252893227,1.4655675420143985
2020-12-15,E0 (2),Wolves,Chelsea,Wolves,0,2,1,1,2,H,Loss,0,10.0,9.0,3.0,6.0,0.6,5.25,3.8,1.66,1.66,3.8,5.25,0.5704400537557545,0.24919223400909268,0.1803677122351528,1.0560437237672495,0.5068176023684519,1.33500106673234,1.6582280766035324
2020-12-21,E0 (2),Chelsea,West Ham,West Ham,1,3,0,3,0,H,Win,3,7.0,6.0,4.0,2.0,0.4,1.44,5.0,6.25,1.44,5.0,6.25,0.6585879873551107,0.1896733403582719,0.15173867228661753,1.0544444444444443,0.36464311358790924,1.6094379124341003,1.8325814637483102
2020-12-26,E0 (2),Arsenal,Chelsea,Arsenal,0,3,1,1,3,H,Loss,0,7.0,7.0,4.0,3.0,0.4,4.0,3.6,1.9,1.9,3.6,4.0,0.49930651872399445,0.2635228848821082,0.23717059639389737,1.054093567251462,0.6418538861723947,1.2809338454620642,1.3862943611198906
2020-12-28,E0 (2),Chelsea,Aston Villa,Aston Villa,1,1,1,1,1,D,Draw,1,6.0,8.0,7.0,1.0,0.4,1.61,4.2,5.0,1.61,4.2,5.0,0.5863956215793589,0.2247849882720876,0.1888193901485536,1.0592132505175982,0.4762341789963717,1.4350845252893227,1.6094379124341003
2021-01-03,E0 (2),Chelsea,Man City,Man City,1,1,3,1,3,A,Loss,0,4.0,6.0,7.0,-1.0,0.2,3.0,3.7,2.2,3.0,3.7,2.2,0.315015479876161,0.25541795665634676,0.4295665634674923,1.058149058149058,1.0986122886681098,1.308332819650179,0.7884573603642703
2021-01-16,E0 (2),Fulham,Chelsea,Fulham,0,0,1,1,0,A,Win,3,4.0,7.0,9.0,-2.0,0.2,6.5,4.33,1.5,1.5,4.33,6.5,0.6340391980175715,0.2196440639783735,0.14631673800405498,1.0514597027299106,0.4054651081081644,1.4655675420143985,1.8718021769015913
2021-01-19,E0 (2),Leicester,Chelsea,Leicester,0,2,0,0,2,H,Loss,0,7.0,7.0,7.0,0.0,0.4,2.87,3.4,2.45,2.45,3.4,2.87,0.38846314616134875,0.27992197296920723,0.3316148808694441,1.0507129681140748,0.8960880245566357,1.2237754316221157,1.0543120297715298
2021-01-27,E0 (2),Chelsea,Wolves,Wolves,1,0,0,0,0,D,Draw,1,4.0,4.0,9.0,-5.0,0.2,1.6,4.2,5.25,1.6,4.2,5.25,0.5932203389830508,0.22598870056497172,0.18079096045197737,1.0535714285714286,0.47000362924573563,1.4350845252893227,1.6582280766035324
2021-01-31,E0 (2),Chelsea,Burnley,Burnley,1,2,0,2,0,H,Win,3,5.0,3.0,6.0,-3.0,0.2,1.33,5.0,9.5,1.33,5.0,9.5,0.7112375533428166,0.18918918918918923,0.09957325746799432,1.057142857142857,0.28517894223366247,1.6094379124341003,2.2512917986064953
2021-02-04,E0 (2),Tottenham,Chelsea,Tottenham,0,0,1,1,0,A,Win,3,7.0,4.0,5.0,-1.0,0.4,3.5,3.4,2.1,2.1,3.4,3.5,0.4509283819628648,0.2785145888594165,0.27055702917771884,1.0560224089635852,0.7419373447293773,1.2237754316221157,1.252762968495368
2021-02-07,E0 (2),Sheffield United,Chelsea,Sheffield United,0,1,2,2,1,A,Win,3,10.0,4.0,2.0,2.0,0.6,7.0,4.5,1.45,1.45,4.5,7.0,0.6538661131292164,0.21069019200830302,0.13544369486248053,1.0547345374931583,0.371563556432483,1.5040773967762742,1.9459101490553132
2021-02-15,E0 (2),Chelsea,Newcastle,Newcastle,1,2,0,2,0,H,Win,3,10.0,5.0,3.0,2.0,0.6,1.22,6.5,12.0,1.22,6.5,12.0,0.7755791985681615,0.14557024957740877,0.07885055185442974,1.0568516183270282,0.19885085874516517,1.8718021769015913,2.4849066497880004
2021-02-20,E0 (2),Southampton,Chelsea,Southampton,0,1,1,1,1,D,Draw,1,13.0,7.0,1.0,6.0,0.8,5.0,3.8,1.7,1.7,3.8,5.0,0.5594817432273262,0.2502944640753828,0.19022379269729095,1.0513931888544892,0.5306282510621704,1.33500106673234,1.6094379124341003
2021-02-28,E0 (2),Chelsea,Man United,Man United,1,0,0,0,0,D,Draw,1,13.0,8.0,2.0,6.0,0.8,2.15,3.4,3.4,2.15,3.4,3.4,0.44155844155844154,0.2792207792207792,0.2792207792207792,1.0533515731874146,0.7654678421395714,1.2237754316221157,1.2237754316221157
2021-03-04,E0 (2),Liverpool,Chelsea,Liverpool,0,0,1,1,0,A,Win,3,11.0,6.0,2.0,4.0,0.6,2.25,3.6,3.0,3.0,3.6,2.25,0.3157894736842105,0.2631578947368421,0.42105263157894735,1.0555555555555556,1.0986122886681098,1.2809338454620642,0.8109302162163288
2021-03-08,E0 (2),Chelsea,Everton,Everton,1,2,0,2,0,H,Win,3,11.0,6.0,2.0,4.0,0.6,1.53,4.0,6.5,1.53,4.0,6.5,0.6180910495661476,0.23641982645905146,0.1454891239748009,1.057440925087984,0.4252677354043441,1.3862943611198906,1.8718021769015913
2021-03-13,E0 (2),Leeds,Chelsea,Leeds,0,0,0,0,0,D,Draw,1,11.0,6.0,1.0,5.0,0.6,4.75,4.0,1.7,1.7,4.0,4.75,0.5608856088560886,0.23837638376383766,0.2007380073800738,1.0487616099071206,0.5306282510621704,1.3862943611198906,1.55814461804655
2021-04-03,E0 (2),Chelsea,West Brom,West Brom,1,2,5,2,5,A,Loss,0,9.0,4.0,1.0,3.0,0.4,1.22,6.0,15.0,1.22,6.0,15.0,0.7784120394395433,0.15827711468604044,0.06331084587441618,1.0530054644808744,0.19885085874516517,1.791759469228055,2.70805020110221
2021-04-10,E0 (2),Crystal Palace,Chelsea,Crystal Palace,0,1,4,4,1,A,Win,3,8.0,5.0,5.0,0.0,0.4,7.0,3.8,1.53,1.53,3.8,7.0,0.6168258974121139,0.2483535850106669,0.1348205175772192,1.059609808835815,0.4252677354043441,1.33500106673234,1.9459101490553132
2021-04-20,E0 (2),Chelsea,Brighton,Brighton,1,0,0,0,0,D,Draw,1,10.0,9.0,6.0,3.0,0.6,1.57,4.0,6.0,1.57,4.0,6.0,0.6045340050377834,0.23727959697732998,0.15818639798488665,1.0536093418259023,0.45107561936021673,1.3862943611198906,1.791759469228055
2021-04-24,E0 (2),West Ham,Chelsea,West Ham,0,0,1,1,0,A,Win,3,8.0,8.0,6.0,2.0,0.4,4.75,3.6,1.75,1.75,3.6,4.75,0.5392195506503745,0.2621206148994876,0.19865983445013796,1.0597326649958227,0.5596157879354227,1.2809338454620642,1.55814461804655
2021-05-01,E0 (2),Chelsea,Fulham,Fulham,1,2,0,2,0,H,Win,3,8.0,7.0,6.0,1.0,0.4,1.44,4.4,7.5,1.44,4.4,7.5,0.6582096696984203,0.215414073719483,0.1263762565820967,1.055050505050505,0.36464311358790924,1.4816045409242156,2.0149030205422647
2021-05-08,E0 (2),Man City,Chelsea,Man City,0,1,2,2,1,A,Win,3,10.0,9.0,6.0,3.0,0.6,1.9,3.4,4.2,4.2,3.4,1.9,0.22493036211699163,0.27785515320334264,0.4972144846796657,1.0585286746277458,1.4350845252893227,1.2237754316221157,0.6418538861723947
2021-05-12,E0 (2),Chelsea,Arsenal,Arsenal,1,0,1,0,1,A,Loss,0,13.0,9.0,2.0,7.0,0.8,1.65,4.0,5.0,1.65,4.0,5.0,0.5738880918220947,0.23672883787661403,0.18938307030129126,1.0560606060606061,0.5007752879124892,1.3862943611198906,1.6094379124341003
2021-05-18,E0 (2),Chelsea,Leicester,Leicester,1,2,1,2,1,H,Win,3,10.0,5.0,2.0,3.0,0.6,1.7,3.75,5.0,1.7,3.75,5.0,0.5576208178438662,0.2527881040892193,0.1895910780669145,1.0549019607843138,0.5306282510621704,1.3217558399823195,1.6094379124341003
2021-05-23,E0 (2),Aston Villa,Chelsea,Aston Villa,0,2,1,1,2,H,Loss,0,12.0,7.0,3.0,4.0,0.8,6.5,4.6,1.45,1.45,4.6,6.5,0.650070659854332,0.2049135775627786,0.14501576258288945,1.060892630607773,0.371563556432483,1.5260563034950492,1.8718021769015913
2021-08-14,E0 (3),Chelsea,Crystal Palace,Crystal Palace,1,3,0,3,0,H,Win,3,9.0,7.0,5.0,2.0,0.6,1.25,5.75,13.0,1.25,5.75,13.0,0.7612985359643539,0.16549968173138127,0.0732017823042648,1.050836120401338,0.22314355131420976,1.749199854809259,2.5649493574615367
2021-08-22,E0 (3),Arsenal,Chelsea,Arsenal,0,0,2,2,0,A,Win,3,9.0,8.0,5.0,3.0,0.6,4.75,3.75,1.72,1.72,3.75,4.75,0.5492176057966546,0.2519078085253989,0.19887458567794647,1.0585883312933497,0.5423242908253617,1.3217558399823195,1.55814461804655
2021-08-28,E0 (3),Liverpool,Chelsea,Liverpool,0,1,1,1,1,D,Draw,1,9.0,8.0,4.0,4.0,0.6,2.45,3.3,2.9,2.9,3.3,2.45,0.32653473344103395,0.28695476575121165,0.3865105008077544,1.056021154543322,1.0647107369924282,1.1939224684724346,0.8960880245566357
2021-09-11,E0 (3),Chelsea,Aston Villa,Aston Villa,1,3,0,3,0,H,Win,3,10.0,9.0,4.0,5.0,0.6,1.28,5.5,11.0,1.28,5.5,11.0,0.7412398921832885,0.1725067385444744,0.0862533692722372,1.0539772727272727,0.2468600779315258,1.7047480922384253,2.3978952727983707
2021-09-19,E0 (3),Tottenham,Chelsea,Tottenham,0,0,3,3,0,A,Win,3,10.0,10.0,3.0,7.0,0.6,5.0,3.8,1.7,1.7,3.8,5.0,0.5594817432273262,0.2502944640753828,0.19022379269729095,1.0513931888544892,0.5306282510621704,1.33500106673234,1.6094379124341003
2021-09-25,E0 (3),Chelsea,Man City,Man City,1,0,1,0,1,A,Loss,0,13.0,12.0,1.0,11.0,0.8,2.62,3.2,2.75,2.62,3.2,2.75,0.3608184017384886,0.2954200664233876,0.34376153183812375,1.0578157529493408,0.9631743177730056,1.1631508098056809,1.0116009116784799
2021-10-02,E0 (3),Chelsea,Southampton,Southampton,1,3,1,3,1,H,Win,3,10.0,9.0,2.0,7.0,0.6,1.36,4.75,9.0,1.36,4.75,9.0,0.6956875508543532,0.19918633034987795,0.10512611879576893,1.0569315445476435,0.3074846997479607,1.55814461804655,2.1972245773362196
2021-10-16,E0 (3),Brentford,Chelsea,Brentford,0,0,1,1,0,A,Win,3,10.0,10.0,3.0,7.0,0.6,6.5,3.8,1.57,1.57,3.8,6.5,0.6043404859191113,0.24968804286658017,0.14597147121430842,1.0539467237422318,0.45107561936021673,1.33500106673234,1.8718021769015913
2021-10-23,E0 (3),Chelsea,Norwich,Norwich,1,7,0,7,0,H,Win,3,12.0,10.0,2.0,8.0,0.8,1.18,7.0,15.0,1.18,7.0,15.0,0.8017715332926084,0.13515577275503968,0.06307269395235185,1.0569814366424537,0.16551443847757333,1.9459101490553132,2.70805020110221
2021-10-30,E0 (3),Newcastle,Chelsea,Newcastle,0,0,3,3,0,A,Win,3,12.0,14.0,2.0,12.0,0.8,8.5,5.0,1.36,1.36,5.0,8.5,0.6983240223463686,0.18994413407821228,0.11173184357541899,1.0529411764705883,0.3074846997479607,1.6094379124341003,2.1400661634962708
2021-11-06,E0 (3),Chelsea,Burnley,Burnley,1,1,1,1,1,D,Draw,1,12.0,14.0,2.0,12.0,0.8,1.25,6.0,12.0,1.25,6.0,12.0,0.7619047619047619,0.15873015873015872,0.07936507936507936,1.05,0.22314355131420976,1.791759469228055,2.4849066497880004
2021-11-20,E0 (3),Leicester,Chelsea,Leicester,0,0,3,3,0,A,Win,3,13.0,15.0,2.0,13.0,0.8,4.75,3.75,1.75,1.75,3.75,4.75,0.5449330783938815,0.25430210325047803,0.20076481835564056,1.0486215538847117,0.5596157879354227,1.3217558399823195,1.55814461804655
2021-11-28,E0 (3),Chelsea,Man United,Man United,1,1,1,1,1,D,Draw,1,13.0,15.0,1.0,14.0,0.8,1.57,4.0,6.0,1.57,4.0,6.0,0.6045340050377834,0.23727959697732998,0.15818639798488665,1.0536093418259023,0.45107561936021673,1.3862943611198906,1.791759469228055
2021-12-01,E0 (3),Watford,Chelsea,Watford,0,1,2,2,1,A,Win,3,11.0,15.0,2.0,13.0,0.6,10.0,5.25,1.3,1.3,5.25,10.0,0.7258900795022467,0.1797442101624611,0.09436571033529209,1.0597069597069597,0.26236426446749106,1.6582280766035324,2.302585092994046
2021-12-04,E0 (3),West Ham,Chelsea,West Ham,0,3,2,2,3,H,Loss,0,11.0,10.0,3.0,7.0,0.6,4.75,3.6,1.75,1.75,3.6,4.75,0.5392195506503745,0.2621206148994876,0.19865983445013796,1.0597326649958227,0.5596157879354227,1.2809338454620642,1.55814461804655
2021-12-11,E0 (3),Chelsea,Leeds,Leeds,1,3,2,3,2,H,Win,3,8.0,9.0,6.0,3.0,0.4,1.25,5.75,12.0,1.25,5.75,12.0,0.7566826593557231,0.1644962302947224,0.07882111034955448,1.0572463768115943,0.22314355131420976,1.749199854809259,2.4849066497880004
2021-12-16,E0 (3),Chelsea,Everton,Everton,1,1,1,1,1,D,Draw,1,10.0,11.0,7.0,4.0,0.6,1.22,6.5,13.0,1.22,6.5,13.0,0.78031212484994,0.14645858343337334,0.07322929171668667,1.0504413619167718,0.19885085874516517,1.8718021769015913,2.5649493574615367
2021-12-19,E0 (3),Wolves,Chelsea,Wolves,0,0,0,0,0,D,Draw,1,8.0,9.0,8.0,1.0,0.4,7.0,4.2,1.5,1.5,4.2,7.0,0.6363636363636365,0.2272727272727273,0.13636363636363638,1.0476190476190474,0.4054651081081644,1.4350845252893227,1.9459101490553132
2021-12-26,E0 (3),Aston Villa,Chelsea,Aston Villa,0,1,3,3,1,A,Win,3,8.0,8.0,7.0,1.0,0.4,5.25,3.8,1.65,1.65,3.8,5.25,0.571920017200602,0.24833369167920874,0.1797462911201892,1.0596946912736387,0.5007752879124892,1.33500106673234,1.6582280766035324
2021-12-29,E0 (3),Chelsea,Brighton,Brighton,1,1,1,1,1,D,Draw,1,8.0,9.0,7.0,2.0,0.4,1.4,4.5,7.5,1.4,4.5,7.5,0.6676557863501484,0.20771513353115725,0.12462908011869436,1.0698412698412698,0.3364722366212129,1.5040773967762742,2.0149030205422647
2022-01-02,E0 (3),Chelsea,Liverpool,Liverpool,1,2,2,2,2,D,Draw,1,9.0,8.0,5.0,3.0,0.4,3.1,3.5,2.25,3.1,3.5,2.25,0.306420233463035,0.2714007782101167,0.42217898832684825,1.0527393753200205,1.1314021114911006,1.252762968495368,0.8109302162163288
2022-01-15,E0 (3),Man City,Chelsea,Man City,0,1,0,0,1,H,Loss,0,7.0,7.0,5.0,2.0,0.2,1.65,4.0,5.0,5.0,4.0,1.65,0.18938307030129126,0.23672883787661403,0.5738880918220947,1.0560606060606061,1.6094379124341003,1.3862943611198906,0.5007752879124892
2022-01-18,E0 (3),Brighton,Chelsea,Brighton,0,1,1,1,1,D,Draw,1,6.0,6.0,5.0,1.0,0.2,4.75,3.75,1.72,1.72,3.75,4.75,0.5492176057966546,0.2519078085253989,0.19887458567794647,1.0585883312933497,0.5423242908253617,1.3217558399823195,1.55814461804655
2022-01-23,E0 (3),Chelsea,Tottenham,Tottenham,1,2,0,2,0,H,Win,3,6.0,7.0,6.0,1.0,0.2,1.61,4.2,5.0,1.61,4.2,5.0,0.5863956215793589,0.2247849882720876,0.1888193901485536,1.0592132505175982,0.4762341789963717,1.4350845252893227,1.6094379124341003
2022-02-19,E0 (3),Crystal Palace,Chelsea,Crystal Palace,0,0,1,1,0,A,Win,3,6.0,6.0,5.0,1.0,0.2,5.5,3.8,1.65,1.65,3.8,5.5,0.5766312594840667,0.25037936267071315,0.17298937784522,1.05103668261563,0.5007752879124892,1.33500106673234,1.7047480922384253
2022-03-05,E0 (3),Burnley,Chelsea,Burnley,0,0,4,4,0,A,Win,3,8.0,6.0,4.0,2.0,0.4,6.5,4.33,1.5,1.5,4.33,6.5,0.6340391980175715,0.2196440639783735,0.14631673800405498,1.0514597027299106,0.4054651081081644,1.4655675420143985,1.8718021769015913
2022-03-10,E0 (3),Norwich,Chelsea,Norwich,0,1,3,3,1,A,Win,3,10.0,8.0,2.0,6.0,0.6,11.0,4.75,1.3,1.3,4.75,11.0,0.7184599518734961,0.19663114472327262,0.08490890340323137,1.0706661759293337,0.26236426446749106,1.55814461804655,2.3978952727983707
2022-03-13,E0 (3),Chelsea,Newcastle,Newcastle,1,1,0,1,0,H,Win,3,13.0,11.0,2.0,9.0,0.8,1.3,5.25,11.0,1.3,5.25,11.0,0.7321711568938194,0.18129952456418386,0.08652931854199684,1.0506160506160505,0.26236426446749106,1.6582280766035324,2.3978952727983707
2022-04-02,E0 (3),Chelsea,Brentford,Brentford,1,1,4,1,4,A,Loss,0,15.0,11.0,1.0,10.0,1.0,1.33,5.0,10.0,1.33,5.0,10.0,0.7147962830593281,0.1901358112937813,0.09506790564689065,1.0518796992481203,0.28517894223366247,1.6094379124341003,2.302585092994046
2022-04-09,E0 (3),Southampton,Chelsea,Southampton,0,0,6,6,0,A,Win,3,12.0,10.0,5.0,5.0,0.8,3.8,3.6,1.95,1.95,3.6,3.8,0.4866595517609392,0.26360725720384204,0.24973319103521877,1.0537561853351327,0.6678293725756554,1.2809338454620642,1.33500106673234
2022-04-20,E0 (3),Chelsea,Arsenal,Arsenal,1,2,4,2,4,A,Loss,0,12.0,15.0,5.0,10.0,0.8,1.83,3.6,4.33,1.83,3.6,4.33,0.517875474669351,0.2632533662902535,0.2188711590403955,1.0551727474265618,0.6043159668533296,1.2809338454620642,1.4655675420143985
2022-04-24,E0 (3),Chelsea,West Ham,West Ham,1,1,0,1,0,H,Win,3,9.0,13.0,9.0,4.0,0.6,1.5,4.33,6.5,1.5,4.33,6.5,0.6340391980175715,0.2196440639783735,0.14631673800405498,1.0514597027299106,0.4054651081081644,1.4655675420143985,1.8718021769015913
2022-04-28,E0 (3),Man United,Chelsea,Man United,0,1,1,1,1,D,Draw,1,9.0,11.0,8.0,3.0,0.6,3.2,3.4,2.25,2.25,3.4,3.2,0.42285270112708895,0.27982899339292655,0.29731830547998445,1.051062091503268,0.8109302162163288,1.2237754316221157,1.1631508098056809
2022-05-01,E0 (3),Everton,Chelsea,Everton,0,1,0,0,1,H,Loss,0,7.0,11.0,9.0,2.0,0.4,5.0,3.6,1.75,1.75,3.6,5.0,0.5446293494704992,0.264750378214826,0.19062027231467474,1.0492063492063493,0.5596157879354227,1.2809338454620642,1.6094379124341003
2022-05-07,E0 (3),Chelsea,Wolves,Wolves,1,2,2,2,2,D,Draw,1,7.0,10.0,6.0,4.0,0.4,1.33,5.0,9.5,1.33,5.0,9.5,0.7112375533428166,0.18918918918918923,0.09957325746799432,1.057142857142857,0.28517894223366247,1.6094379124341003,2.2512917986064953
2022-05-11,E0 (3),Leeds,Chelsea,Leeds,0,0,3,3,0,A,Win,3,5.0,6.0,8.0,-2.0,0.2,4.75,4.2,1.65,1.65,4.2,4.75,0.5746381507885073,0.22575070209548498,0.19961114711600778,1.0546821599453178,0.5007752879124892,1.4350845252893227,1.55814461804655
2022-05-19,E0 (3),Chelsea,Leicester,Leicester,1,1,1,1,1,D,Draw,1,8.0,7.0,4.0,3.0,0.4,1.4,4.75,8.0,1.4,4.75,8.0,0.6803939122649956,0.20053715308863027,0.11906893464637423,1.0498120300751879,0.3364722366212129,1.55814461804655,2.0794415416798357
2022-05-22,E0 (3),Chelsea,Watford,Watford,1,2,1,2,1,H,Win,3,6.0,7.0,5.0,2.0,0.2,1.18,7.5,15.0,1.18,7.5,15.0,0.8090614886731391,0.12729234088457386,0.06364617044228693,1.0474576271186442,0.16551443847757333,2.0149030205422647,2.70805020110221
2022-08-06,E0 (4),Everton,Chelsea,Everton,0,0,1,1,0,A,Win,3,8.0,8.0,5.0,3.0,0.4,5.5,4.0,1.61,1.61,4.0,5.5,0.5898914063547392,0.23743129105778257,0.17267730258747824,1.052936194240542,0.4762341789963717,1.3862943611198906,1.7047480922384253
2022-08-14,E0 (4),Chelsea,Tottenham,Tottenham,1,2,2,2,2,D,Draw,1,11.0,9.0,4.0,5.0,0.6,2.25,3.4,3.2,2.25,3.4,3.2,0.42285270112708895,0.27982899339292655,0.29731830547998445,1.051062091503268,0.8109302162163288,1.2237754316221157,1.1631508098056809
2022-08-21,E0 (4),Leeds,Chelsea,Leeds,0,3,0,0,3,H,Loss,0,11.0,9.0,4.0,5.0,0.6,5.75,4.5,1.53,1.53,4.5,5.75,0.6226312939902545,0.21169463995668653,0.16567406605305904,1.049730036942313,0.4252677354043441,1.5040773967762742,1.749199854809259
2022-08-27,E0 (4),Chelsea,Leicester,Leicester,1,2,1,2,1,H,Win,3,8.0,6.0,7.0,-1.0,0.4,1.4,5.0,7.0,1.4,5.0,7.0,0.6756756756756757,0.1891891891891892,0.13513513513513511,1.0571428571428572,0.3364722366212129,1.6094379124341003,1.9459101490553132
2022-08-30,E0 (4),Southampton,Chelsea,Southampton,0,2,1,1,2,H,Loss,0,10.0,7.0,7.0,0.0,0.6,5.25,4.0,1.61,1.61,4.0,5.25,0.5850804485616772,0.23549488054607506,0.17942467089224767,1.0615942028985508,0.4762341789963717,1.3862943611198906,1.6582280766035324
2022-09-03,E0 (4),Chelsea,West Ham,West Ham,1,2,1,2,1,H,Win,3,7.0,6.0,8.0,-2.0,0.4,1.55,4.5,5.5,1.55,4.5,5.5,0.6149068322981366,0.21180124223602484,0.17329192546583852,1.0492016943629847,0.4382549309311553,1.5040773967762742,1.7047480922384253
2022-10-01,E0 (4),Crystal Palace,Chelsea,Crystal Palace,0,1,2,2,1,A,Win,3,7.0,7.0,9.0,-2.0,0.4,4.2,3.6,1.85,1.85,3.6,4.2,0.5116751269035532,0.2629441624365482,0.22538071065989848,1.0564135564135564,0.6151856390902335,1.2809338454620642,1.4350845252893227
2022-10-08,E0 (4),Chelsea,Wolves,Wolves,1,3,0,3,0,H,Win,3,9.0,7.0,8.0,-1.0,0.6,1.4,4.5,8.0,1.4,4.5,8.0,0.6728971962616822,0.20934579439252335,0.11775700934579439,1.0615079365079365,0.3364722366212129,1.5040773967762742,2.0794415416798357
2022-10-16,E0 (4),Aston Villa,Chelsea,Aston Villa,0,0,2,2,0,A,Win,3,12.0,10.0,5.0,5.0,0.8,4.33,3.75,1.8,1.8,3.75,4.33,0.5275084060230983,0.25320403489108717,0.21928755908581452,1.0531691044393123,0.5877866649021191,1.3217558399823195,1.4655675420143985
2022-10-19,E0 (4),Brentford,Chelsea,Brentford,0,0,0,0,0,D,Draw,1,12.0,10.0,4.0,6.0,0.8,4.75,3.8,1.72,1.72,3.8,4.75,0.5510440835266821,0.24941995359628769,0.19953596287703013,1.0550795593635252,0.5423242908253617,1.33500106673234,1.55814461804655
2022-10-22,E0 (4),Chelsea,Man United,Man United,1,1,1,1,1,D,Draw,1,13.0,9.0,2.0,7.0,0.8,2.05,3.5,3.5,2.05,3.5,3.5,0.4605263157894737,0.2697368421052631,0.2697368421052631,1.059233449477352,0.7178397931503168,1.252762968495368,1.252762968495368
2022-10-29,E0 (4),Brighton,Chelsea,Brighton,0,4,1,1,4,H,Loss,0,11.0,8.0,2.0,6.0,0.6,3.0,3.3,2.4,2.4,3.3,3.0,0.3956834532374101,0.2877697841726619,0.31654676258992803,1.053030303030303,0.8754687373538999,1.1939224684724346,1.0986122886681098
2022-11-06,E0 (4),Chelsea,Arsenal,Arsenal,1,0,1,0,1,A,Loss,0,8.0,7.0,5.0,2.0,0.4,2.55,3.4,2.7,2.55,3.4,2.7,0.3711340206185567,0.27835051546391754,0.35051546391752575,1.056644880174292,0.9360933591703348,1.2237754316221157,0.9932517730102834
2022-11-12,E0 (4),Newcastle,Chelsea,Newcastle,0,1,0,0,1,H,Loss,0,5.0,4.0,6.0,-2.0,0.2,2.35,3.4,3.0,3.0,3.4,2.35,0.3165610142630745,0.2793185419968304,0.4041204437400951,1.0529828952857738,1.0986122886681098,1.2237754316221157,0.8544153281560676
2022-12-27,E0 (4),Chelsea,Bournemouth,Bournemouth,1,2,0,2,0,H,Win,3,2.0,2.0,7.0,-5.0,0.0,1.3,5.5,10.0,1.3,5.5,10.0,0.7318695941450432,0.17298735861610112,0.09514304723885562,1.0510489510489511,0.26236426446749106,1.7047480922384253,2.302585092994046
2023-01-01,E0 (4),Nott'm Forest,Chelsea,Nott'm Forest,0,1,1,1,1,D,Draw,1,4.0,4.0,7.0,-3.0,0.2,5.0,3.8,1.7,1.7,3.8,5.0,0.5594817432273262,0.2502944640753828,0.19022379269729095,1.0513931888544892,0.5306282510621704,1.33500106673234,1.6094379124341003
2023-01-05,E0 (4),Chelsea,Man City,Man City,1,0,1,0,1,A,Loss,0,4.0,4.0,7.0,-3.0,0.2,5.0,4.0,1.67,5.0,4.0,1.67,0.19069369112189552,0.2383671139023694,0.5709391949757351,1.0488023952095809,1.6094379124341003,1.3862943611198906,0.5128236264286637
2023-01-12,E0 (4),Fulham,Chelsea,Fulham,0,2,1,1,2,H,Loss,0,4.0,3.0,4.0,-1.0,0.2,3.3,3.5,2.15,2.15,3.5,3.3,0.44134505158578524,0.2711119602598395,0.28754298815437523,1.0538608678143562,0.7654678421395714,1.252762968495368,1.1939224684724346
2023-01-15,E0 (4),Chelsea,Crystal Palace,Crystal Palace,1,1,0,1,0,H,Win,3,4.0,4.0,5.0,-1.0,0.2,1.62,4.0,5.25,1.62,4.0,5.25,0.5835764902042518,0.236348478532722,0.18007503126302626,1.0577601410934743,0.4824261492442928,1.3862943611198906,1.6582280766035324
2023-01-21,E0 (4),Liverpool,Chelsea,Liverpool,0,0,0,0,0,D,Draw,1,7.0,5.0,4.0,1.0,0.4,1.85,3.75,4.0,4.0,3.75,1.85,0.23647209203238181,0.2522368981678739,0.5112910097997444,1.057207207207207,1.3862943611198906,1.3217558399823195,0.6151856390902335
2023-02-03,E0 (4),Chelsea,Fulham,Fulham,1,0,0,0,0,D,Draw,1,5.0,3.0,4.0,-1.0,0.2,1.62,4.0,5.25,1.62,4.0,5.25,0.5835764902042518,0.236348478532722,0.18007503126302626,1.0577601410934743,0.4824261492442928,1.3862943611198906,1.6582280766035324
2023-02-11,E0 (4),West Ham,Chelsea,West Ham,0,1,1,1,1,D,Draw,1,5.0,2.0,3.0,-1.0,0.2,3.3,3.3,2.25,2.25,3.3,3.3,0.42307692307692313,0.2884615384615385,0.2884615384615385,1.0505050505050504,0.8109302162163288,1.1939224684724346,1.1939224684724346
2023-02-18,E0 (4),Chelsea,Southampton,Southampton,1,0,1,0,1,A,Loss,0,6.0,3.0,3.0,0.0,0.2,1.4,4.75,8.5,1.4,4.75,8.5,0.6851930420025457,0.20195163343232925,0.11285532456512516,1.0424590888987173,0.3364722366212129,1.55814461804655,2.1400661634962708
2023-02-26,E0 (4),Tottenham,Chelsea,Tottenham,0,2,0,0,2,H,Loss,0,6.0,2.0,2.0,0.0,0.2,2.55,3.25,2.9,2.9,3.25,2.55,0.33008065319127755,0.29453350592452454,0.375385840884198,1.0446767566443023,1.0647107369924282,1.1786549963416462,0.9360933591703348
2023-03-04,E0 (4),Chelsea,Leeds,Leeds,1,1,0,1,0,H,Win,3,3.0,1.0,4.0,-3.0,0.0,1.62,4.0,5.5,1.62,4.0,5.5,0.5883926183471516,0.23829901043059643,0.17330837122225196,1.0491021324354657,0.4824261492442928,1.3862943611198906,1.7047480922384253
2023-03-11,E0 (4),Leicester,Chelsea,Leicester,0,1,3,3,1,A,Win,3,5.0,2.0,4.0,-2.0,0.2,3.75,3.5,1.95,1.95,3.5,3.75,0.48143053645116923,0.2682255845942228,0.25034387895460797,1.0652014652014652,0.6678293725756554,1.252762968495368,1.3217558399823195
2023-03-18,E0 (4),Chelsea,Everton,Everton,1,2,2,2,2,D,Draw,1,7.0,5.0,5.0,0.0,0.4,1.5,4.2,7.5,1.5,4.2,7.5,0.6422018348623854,0.22935779816513763,0.12844036697247707,1.038095238095238,0.4054651081081644,1.4350845252893227,2.0149030205422647
2023-04-01,E0 (4),Chelsea,Aston Villa,Aston Villa,1,0,2,0,2,A,Loss,0,7.0,6.0,6.0,0.0,0.4,1.67,3.8,5.25,1.67,3.8,5.25,0.5689677299756157,0.2500463444892837,0.1809859255351006,1.0524364804226134,0.5128236264286637,1.33500106673234,1.6582280766035324
2023-04-04,E0 (4),Chelsea,Liverpool,Liverpool,1,0,0,0,0,D,Draw,1,7.0,6.0,7.0,-1.0,0.4,2.2,3.4,3.25,2.2,3.4,3.25,0.43029595015576316,0.27842679127725856,0.29127725856697817,1.056355409296586,0.7884573603642703,1.2237754316221157,1.1786549963416462
2023-04-08,E0 (4),Wolves,Chelsea,Wolves,0,1,0,0,1,H,Loss,0,8.0,6.0,5.0,1.0,0.4,4.2,3.5,1.91,1.91,3.5,4.2,0.49988098071887643,0.2727921923351583,0.22732682694596523,1.0473697332336076,0.6471032420585384,1.252762968495368,1.4350845252893227
2023-04-15,E0 (4),Chelsea,Brighton,Brighton,1,1,2,1,2,A,Loss,0,5.0,5.0,6.0,-1.0,0.2,2.63,3.4,2.63,2.63,3.4,2.63,0.3605514316012725,0.2788971367974549,0.3605514316012725,1.0545739208230822,0.9669838461896731,1.2237754316221157,0.9669838461896731
2023-04-26,E0 (4),Chelsea,Brentford,Brentford,1,0,2,0,2,A,Loss,0,2.0,3.0,7.0,-4.0,0.0,1.7,4.0,4.75,1.7,4.0,4.75,0.5608856088560886,0.23837638376383766,0.2007380073800738,1.0487616099071206,0.5306282510621704,1.3862943611198906,1.55814461804655
2023-05-02,E0 (4),Arsenal,Chelsea,Arsenal,0,3,1,1,3,H,Loss,0,1.0,1.0,7.0,-6.0,0.0,1.6,4.0,5.5,5.5,4.0,1.6,0.17204301075268816,0.23655913978494622,0.5913978494623655,1.0568181818181819,1.7047480922384253,1.3862943611198906,0.47000362924573563
2023-05-06,E0 (4),Bournemouth,Chelsea,Bournemouth,0,1,3,3,1,A,Win,3,1.0,2.0,8.0,-6.0,0.0,3.3,3.5,2.15,2.15,3.5,3.3,0.44134505158578524,0.2711119602598395,0.28754298815437523,1.0538608678143562,0.7654678421395714,1.252762968495368,1.1939224684724346
2023-05-13,E0 (4),Chelsea,Nott'm Forest,Nott'm Forest,1,2,2,2,2,D,Draw,1,3.0,5.0,9.0,-4.0,0.2,1.5,4.5,6.0,1.5,4.5,6.0,0.631578947368421,0.21052631578947367,0.15789473684210525,1.0555555555555556,0.4054651081081644,1.5040773967762742,1.791759469228055
2023-05-21,E0 (4),Man City,Chelsea,Man City,0,1,0,0,1,H,Loss,0,4.0,7.0,10.0,-3.0,0.2,1.25,6.0,11.0,11.0,6.0,1.25,0.08595988538681948,0.15759312320916904,0.7564469914040115,1.0575757575757576,2.3978952727983707,1.791759469228055,0.22314355131420976
2023-05-25,E0 (4),Man United,Chelsea,Man United,0,4,1,1,4,H,Loss,0,4.0,6.0,9.0,-3.0,0.2,1.6,4.33,5.0,5.0,4.33,1.6,0.1894034665646017,0.2187107004210181,0.5918858330143802,1.05594688221709,1.6094379124341003,1.4655675420143985,0.47000362924573563
2023-05-28,E0 (4),Chelsea,Newcastle,Newcastle,1,1,1,1,1,D,Draw,1,4.0,7.0,11.0,-4.0,0.2,2.9,3.5,2.38,2.9,3.5,2.38,0.3281853281853282,0.2719249862107005,0.39988968560397137,1.050709939148073,1.0647107369924282,1.252762968495368,0.8671004876833833
2023-08-13,E0 (5),Chelsea,Liverpool,Liverpool,1,1,1,1,1,D,Draw,1,5.0,7.0,9.0,-2.0,0.2,2.9,3.4,2.38,2.9,3.4,2.38,0.3255813953488372,0.27770177838577287,0.39671682626538984,1.059113300492611,1.0647107369924282,1.2237754316221157,0.8671004876833833
2023-08-20,E0 (5),West Ham,Chelsea,West Ham,0,3,1,1,3,H,Loss,0,3.0,5.0,9.0,-4.0,0.0,3.75,3.5,2.0,2.0,3.5,3.75,0.4751131221719457,0.27149321266968324,0.25339366515837103,1.0523809523809524,0.6931471805599453,1.252762968495368,1.3217558399823195
2023-08-25,E0 (5),Chelsea,Luton,Luton,1,3,0,3,0,H,Win,3,2.0,4.0,10.0,-6.0,0.0,1.29,5.5,11.0,1.29,5.5,11.0,0.7397444519166108,0.17350369872225962,0.08675184936112981,1.047921071176885,0.25464221837358075,1.7047480922384253,2.3978952727983707
2023-09-02,E0 (5),Chelsea,Nott'm Forest,Nott'm Forest,1,0,1,0,1,A,Loss,0,5.0,7.0,9.0,-2.0,0.2,1.4,4.5,8.5,1.4,4.5,8.5,0.6775907883082374,0.21080602302922938,0.11160318866253321,1.054154995331466,0.3364722366212129,1.5040773967762742,2.1400661634962708
2023-09-17,E0 (5),Bournemouth,Chelsea,Bournemouth,0,0,0,0,0,D,Draw,1,5.0,6.0,6.0,0.0,0.2,4.33,3.75,1.8,1.8,3.75,4.33,0.5275084060230983,0.25320403489108717,0.21928755908581452,1.0531691044393123,0.5877866649021191,1.3217558399823195,1.4655675420143985
2023-09-24,E0 (5),Chelsea,Aston Villa,Aston Villa,1,0,1,0,1,A,Loss,0,5.0,5.0,5.0,0.0,0.2,1.91,3.75,3.8,1.91,3.75,3.8,0.49702656040180676,0.25315219476465356,0.24982124483353968,1.0533847708275925,0.6471032420585384,1.3217558399823195,1.33500106673234
2023-10-02,E0 (5),Fulham,Chelsea,Fulham,0,0,2,2,0,A,Win,3,4.0,4.0,5.0,-1.0,0.2,3.6,3.5,2.05,2.05,3.5,3.6,0.46400294605045106,0.27177315411526415,0.2642238998342846,1.0512969415408442,0.7178397931503168,1.252762968495368,1.2809338454620642
2023-10-07,E0 (5),Burnley,Chelsea,Burnley,0,1,4,4,1,A,Win,3,7.0,5.0,2.0,3.0,0.4,4.5,3.8,1.73,1.73,3.8,4.5,0.543564639689755,0.24746495438507263,0.20897040592517244,1.0634147990399891,0.5481214085096876,1.33500106673234,1.5040773967762742
2023-10-21,E0 (5),Chelsea,Arsenal,Arsenal,1,2,2,2,2,D,Draw,1,7.0,6.0,3.0,3.0,0.4,3.2,3.4,2.25,3.2,3.4,2.25,0.29731830547998445,0.27982899339292655,0.42285270112708895,1.051062091503268,1.1631508098056809,1.2237754316221157,0.8109302162163288
2023-10-28,E0 (5),Chelsea,Brentford,Brentford,1,0,2,0,2,A,Loss,0,8.0,8.0,4.0,4.0,0.4,1.65,4.0,5.25,1.65,4.0,5.25,0.5791106514994829,0.2388831437435367,0.18200620475698032,1.0465367965367967,0.5007752879124892,1.3862943611198906,1.6582280766035324
2023-11-06,E0 (5),Tottenham,Chelsea,Tottenham,0,1,4,4,1,A,Win,3,7.0,8.0,6.0,2.0,0.4,2.0,3.75,3.5,3.5,3.75,2.0,0.27149321266968324,0.25339366515837103,0.4751131221719457,1.0523809523809524,1.252762968495368,1.3217558399823195,0.6931471805599453
2023-11-12,E0 (5),Chelsea,Man City,Man City,1,4,4,4,4,D,Draw,1,10.0,12.0,6.0,6.0,0.6,5.0,3.7,1.73,5.0,3.7,1.73,0.1907841793091115,0.2578164585258263,0.5513993621650621,1.0483049523511951,1.6094379124341003,1.308332819650179,0.5481214085096876
2023-11-25,E0 (5),Newcastle,Chelsea,Newcastle,0,4,1,1,4,H,Loss,0,8.0,14.0,10.0,4.0,0.4,2.55,3.5,2.63,2.63,3.5,2.55,0.35935014998087494,0.2700259698427717,0.3706238801763534,1.058099285341513,0.9669838461896731,1.252762968495368,0.9360933591703348
2023-12-03,E0 (5),Chelsea,Brighton,Brighton,1,3,2,3,2,H,Win,3,5.0,11.0,13.0,-2.0,0.2,1.73,4.2,4.2,1.73,4.2,4.2,0.5483028720626633,0.2258485639686684,0.2258485639686684,1.054225158271401,0.5481214085096876,1.4350845252893227,1.4350845252893227
2023-12-06,E0 (5),Man United,Chelsea,Man United,0,2,1,1,2,H,Loss,0,7.0,12.0,13.0,-1.0,0.4,2.88,3.4,2.45,2.45,3.4,2.88,0.38891095400746684,0.2802446580347923,0.3308443879577409,1.0495031345871682,0.8960880245566357,1.2237754316221157,1.0577902941478545
2023-12-10,E0 (5),Everton,Chelsea,Everton,0,2,0,0,2,H,Loss,0,7.0,13.0,13.0,0.0,0.4,3.1,3.5,2.25,2.25,3.5,3.1,0.42217898832684825,0.2714007782101167,0.306420233463035,1.0527393753200205,0.8109302162163288,1.252762968495368,1.1314021114911006
2023-12-16,E0 (5),Chelsea,Sheffield United,Sheffield United,1,2,0,2,0,H,Win,3,4.0,9.0,14.0,-5.0,0.2,1.22,6.5,13.0,1.22,6.5,13.0,0.78031212484994,0.14645858343337334,0.07322929171668667,1.0504413619167718,0.19885085874516517,1.8718021769015913,2.5649493574615367
2023-12-24,E0 (5),Wolves,Chelsea,Wolves,0,2,1,1,2,H,Loss,0,6.0,7.0,10.0,-3.0,0.4,3.75,3.75,1.91,1.91,3.75,3.75,0.4953764861294584,0.2523117569352708,0.2523117569352708,1.056893542757417,0.6471032420585384,1.3217558399823195,1.3217558399823195
2023-12-27,E0 (5),Chelsea,Crystal Palace,Crystal Palace,1,2,1,2,1,H,Win,3,6.0,7.0,8.0,-1.0,0.4,1.67,4.0,5.0,1.67,4.0,5.0,0.5709391949757351,0.2383671139023694,0.19069369112189552,1.0488023952095809,0.5128236264286637,1.3862943611198906,1.6094379124341003
2023-12-30,E0 (5),Luton,Chelsea,Luton,0,2,3,3,2,A,Win,3,6.0,6.0,7.0,-1.0,0.4,6.5,4.2,1.5,1.5,4.2,6.5,0.6297577854671281,0.2249134948096886,0.14532871972318342,1.0586080586080584,0.4054651081081644,1.4350845252893227,1.8718021769015913
2024-01-13,E0 (5),Chelsea,Fulham,Fulham,1,1,0,1,0,H,Win,3,9.0,8.0,7.0,1.0,0.6,1.6,4.2,5.25,1.6,4.2,5.25,0.5932203389830508,0.22598870056497172,0.18079096045197737,1.0535714285714286,0.47000362924573563,1.4350845252893227,1.6582280766035324
2024-01-31,E0 (5),Liverpool,Chelsea,Liverpool,0,4,1,1,4,H,Loss,0,12.0,9.0,5.0,4.0,0.8,1.57,4.33,5.25,5.25,4.33,1.57,0.17997199064943042,0.2182108431661685,0.6018171661844011,1.0583657478525161,1.6582280766035324,1.4655675420143985,0.45107561936021673
2024-02-04,E0 (5),Chelsea,Wolves,Wolves,1,2,4,2,4,A,Loss,0,9.0,8.0,9.0,-1.0,0.6,1.62,4.0,5.5,1.62,4.0,5.5,0.5883926183471516,0.23829901043059643,0.17330837122225196,1.0491021324354657,0.4824261492442928,1.3862943611198906,1.7047480922384253
2024-02-12,E0 (5),Crystal Palace,Chelsea,Crystal Palace,0,1,3,3,1,A,Win,3,9.0,9.0,11.0,-2.0,0.6,4.2,3.8,1.85,1.85,3.8,4.2,0.5188556566970091,0.25260078023407023,0.22854356306892065,1.0417936733726207,0.6151856390902335,1.33500106673234,1.4350845252893227
2024-02-17,E0 (5),Man City,Chelsea,Man City,0,1,1,1,1,D,Draw,1,9.0,10.0,11.0,-1.0,0.6,1.33,5.5,8.0,8.0,5.5,1.33,0.11806956662093454,0.17173755144863206,0.7101928819304333,1.0586978810663021,2.0794415416798357,1.7047480922384253,0.28517894223366247
2024-03-02,E0 (5),Brentford,Chelsea,Brentford,0,2,2,2,2,D,Draw,1,7.0,8.0,10.0,-2.0,0.4,3.1,3.75,2.15,2.15,3.75,3.1,0.44113461720899344,0.25291718053315626,0.3059482022578503,1.0543635908977245,0.7654678421395714,1.3217558399823195,1.1314021114911006
2024-03-11,E0 (5),Chelsea,Newcastle,Newcastle,1,3,2,3,2,H,Win,3,5.0,9.0,12.0,-3.0,0.2,1.91,4.0,3.6,1.91,4.0,3.6,0.49799419006778256,0.23779222575736617,0.2642135841748513,1.0513379872018616,0.6471032420585384,1.3862943611198906,1.2809338454620642
2024-03-30,E0 (5),Chelsea,Burnley,Burnley,1,2,2,2,2,D,Draw,1,8.0,11.0,10.0,1.0,0.4,1.29,6.0,9.5,1.29,6.0,9.5,0.7403078121955972,0.1591661796220534,0.10052600818234952,1.0471236230110157,0.25464221837358075,1.791759469228055,2.2512917986064953
2024-04-04,E0 (5),Chelsea,Man United,Man United,1,4,3,4,3,H,Win,3,9.0,11.0,8.0,3.0,0.4,2.0,4.0,3.4,2.0,4.0,3.4,0.4788732394366197,0.23943661971830985,0.28169014084507044,1.0441176470588236,0.6931471805599453,1.3862943611198906,1.2237754316221157
2024-04-07,E0 (5),Sheffield United,Chelsea,Sheffield United,0,2,2,2,2,D,Draw,1,9.0,12.0,10.0,2.0,0.4,7.0,5.25,1.4,1.4,5.25,7.0,0.6818181818181818,0.1818181818181818,0.13636363636363635,1.0476190476190477,0.3364722366212129,1.6582280766035324,1.9459101490553132
2024-04-15,E0 (5),Chelsea,Everton,Everton,1,6,0,6,0,H,Win,3,9.0,13.0,11.0,2.0,0.4,1.7,4.2,4.5,1.7,4.2,4.5,0.5609973285841497,0.2270703472840606,0.21193232413178986,1.0485527544351072,0.5306282510621704,1.4350845252893227,1.5040773967762742
2024-04-23,E0 (5),Arsenal,Chelsea,Arsenal,0,5,0,0,5,H,Loss,0,11.0,17.0,9.0,8.0,0.6,1.44,5.0,6.0,6.0,5.0,1.44,0.15706806282722513,0.18848167539267016,0.6544502617801047,1.0611111111111111,1.791759469228055,1.6094379124341003,0.36464311358790924
2024-04-27,E0 (5),Aston Villa,Chelsea,Aston Villa,0,2,2,2,2,D,Draw,1,8.0,14.0,12.0,2.0,0.4,2.15,3.8,3.0,3.0,3.8,2.15,0.31398923904688697,0.24788624135280551,0.43812451960030746,1.061607507139943,1.0986122886681098,1.33500106673234,0.7654678421395714
2024-05-02,E0 (5),Chelsea,Tottenham,Tottenham,1,2,0,2,0,H,Win,3,8.0,14.0,12.0,2.0,0.4,2.15,3.8,3.0,2.15,3.8,3.0,0.43812451960030746,0.24788624135280551,0.31398923904688697,1.061607507139943,0.7654678421395714,1.33500106673234,1.0986122886681098
2024-05-05,E0 (5),Chelsea,West Ham,West Ham,1,5,0,5,0,H,Win,3,8.0,12.0,9.0,3.0,0.4,1.65,4.5,4.5,1.65,4.5,4.5,0.5769230769230769,0.2115384615384615,0.2115384615384615,1.0505050505050506,0.5007752879124892,1.5040773967762742,1.5040773967762742
2024-05-11,E0 (5),Nott'm Forest,Chelsea,Nott'm Forest,0,2,3,3,2,A,Win,3,10.0,15.0,7.0,8.0,0.6,3.4,3.8,2.0,2.0,3.8,3.4,0.47291361639824303,0.24890190336749632,0.2781844802342606,1.0572755417956656,0.6931471805599453,1.33500106673234,1.2237754316221157
2024-05-15,E0 (5),Brighton,Chelsea,Brighton,0,1,2,2,1,A,Win,3,10.0,12.0,9.0,3.0,0.6,3.3,4.0,1.95,1.95,4.0,3.3,0.4811372334609076,0.23455440131219243,0.2843083652268999,1.065850815850816,0.6678293725756554,1.3862943611198906,1.1939224684724346
2024-05-19,E0 (5),Chelsea,Bournemouth,Bournemouth,1,2,1,2,1,H,Win,3,13.0,14.0,5.0,9.0,0.8,1.45,5.0,6.0,1.45,5.0,6.0,0.6528835690968444,0.18933623503808486,0.15778019586507072,1.0563218390804598,0.371563556432483,1.6094379124341003,1.791759469228055
